,therapy_days_set0,dosages_set0,therapy_days_set1,dosages_set1,therapy_days_set2,dosages_set2,therapy_days_set3,dosages_set3,therapy_days_set4,dosages_set4,therapy_days_set5,dosages_set5,therapy_days_set6,dosages_set6,therapy_days_set7,dosages_set7,therapy_days_set8,dosages_set8,therapy_days_set9,dosages_set9,therapy_days_set10,dosages_set10,therapy_days_set11,dosages_set11,therapy_days_set12,dosages_set12,therapy_days_set13,dosages_set13,therapy_days_set14,dosages_set14,therapy_days_set15,dosages_set15,therapy_days_set16,dosages_set16,therapy_days_set17,dosages_set17,therapy_days_set18,dosages_set18
0,49,0.59460355750136051,84,0.70710678118654746,35,2.3784142300054421,42,0.70710678118654746,70,0.70710678118654746,56,0.59460355750136051,28,1.4142135623730951,35.0,0.7071067811865475,35.0,0.5,35.0,0.5,49.0,0.42,182.0,0.84,28.0,4.0,35.0,0.84,49.0,2.83,56.0,1.0,28.0,0.5,35.0,1.0,28.0,1.0
1,63,2.8284271247461898,105,1.4142135623730951,56,3.363585661014858,77,0.25,161,0.42044820762685725,84,0.5,42,1.189207115002721,77.0,4.0,56.0,4.0,84.0,3.36,77.0,1.68,189.0,0.71,35.0,3.36,119.0,4.0,105.0,0.3,126.0,0.59,77.0,2.83,42.0,0.3,49.0,1.0
2,91,1.189207115002721,133,0.35355339059327379,84,1.189207115002721,168,2.3784142300054421,168,1.6817928305074292,98,2.8284271247461898,91,0.35355339059327379,112.0,0.29730177875068026,63.0,0.84,98.0,1.0,84.0,2.83,231.0,0.5,56.0,2.83,140.0,0.25,119.0,4.0,231.0,0.5,126.0,0.59,77.0,4.0,70.0,1.0
3,140,0.35355339059327379,189,0.8408964152537145,105,1.9999999999999998,189,1.189207115002721,203,1.9999999999999998,147,0.25,189,2.8284271247461898,119.0,1.9999999999999998,154.0,0.35,161.0,1.41,119.0,2.0,245.0,2.0,105.0,1.41,154.0,0.71,126.0,0.42,252.0,4.0,133.0,3.36,133.0,0.35,91.0,1.0
4,266,3.363585661014858,210,4,154,0.70710678118654746,231,0.42044820762685725,210,1.189207115002721,210,1.4142135623730951,224,0.25,210.0,1.6817928305074292,259.0,0.59,252.0,0.25,210.0,0.35,266.0,0.42,126.0,0.35,175.0,0.35,154.0,1.41,259.0,0.71,168.0,4.0,154.0,3.36,112.0,1.0
5,280,0.5,245,3.363585661014858,161,0.8408964152537145,252,1,273,0.8408964152537145,280,1.189207115002721,231,3.363585661014858,266.0,0.42044820762685725,287.0,2.83,294.0,2.38,231.0,0.84,280.0,4.0,182.0,1.0,182.0,0.59,273.0,0.59,273.0,0.3,252.0,0.42,287.0,0.71,133.0,1.0
